,Stock,Price,Volume,5EMA,20EMA,50EMA,100EMA,200EMA,RSI,compare
2,AAV,2.559999942779541,15012500.0,2.5800626063740806,2.779656882810955,2.6884794766575757,2.6973791503467153,2.3125480456547107,40.23,True
5,ACC,0.9399999976158142,324200.0,0.9476648707848199,0.9442087128987922,0.9506099396293461,0.8294227889694812,0.6744626601797176,47.58,True
7,AEC,7.75,1959100.0,7.86435455428966,8.309470326811253,7.264900862523298,4.142371617956463,2.2571119775327224,46.47,True
8,AEONTS,185.5,486700.0,187.0109177190413,190.3455051852255,196.30516702839108,206.88439883762516,179.59318809275322,40.63,True
10,AFC,8.699999809265137,14000.0,8.537454581669639,9.093504254278427,9.43184325679311,7.5353533994618465,6.629024178610605,44.58,True
11,AGE,3.200000047683716,2059000.0,3.214261644442621,3.3959317513968497,3.5331788565245144,2.86090223216496,2.0808267818832262,43.3,True
15,AIE,1.3300000429153442,7333000.0,1.3469655675114305,1.4240216753175354,1.5190102313136267,1.5752926717102451,1.0600683525311638,37.2,True
16,AIRA,2.0,161200.0,2.0062004342847204,2.0437340253607896,2.0561243818086434,1.8964979689287034,1.3124072057887974,44.69,True
17,AIT,21.5,82800.0,21.50269829026516,21.62875793022711,21.81751514035023,21.41619221117279,18.980244932554513,44.38,True
18,AJ,19.200000762939453,348300.0,19.288847451583717,20.041943162295595,20.646565503444666,20.221086871170517,19.12838137340647,41.72,True
20,AKR,1.0299999713897705,21560200.0,1.0373753682597562,1.0587799178372856,1.0573207421165214,0.9641323672888823,0.7063601651877505,46.92,True
22,ALUCON,174.0,500.0,173.85623650234785,177.49467512531862,177.06136877639534,178.2581592084357,169.1296083450888,37.34,True
24,AMANAH,5.099999904632568,2609700.0,5.059131390833181,5.1664863275823905,5.380035917012713,5.499893659586115,4.113240882984248,45.36,True
25,AMARIN,6.699999809265137,10000.0,6.769889435500792,6.779446682566033,6.466706172058095,5.5806876397355145,4.557888306721076,50.49,True
27,AMATAV,7.25,95100.0,7.221569902163378,7.359183793513839,7.232447229167432,6.715700632776462,5.866154216265458,48.02,True
29,ANAN,1.899999976158142,6625900.0,1.9248946579304154,1.9935177291186867,2.1030455889215105,2.1325814804290117,1.8835281774475932,35.28,True
31,AP,8.149999618530273,9885600.0,8.230640523266835,8.251627982469737,8.412922754131648,8.213780971550129,7.406374100036722,44.38,True
33,APCS,5.199999809265137,1007300.0,5.292740477688198,5.669208810427428,5.406650580782561,5.073545683259189,5.127135906939861,41.48,True
36,AQUA,0.41999998688697815,7882200.0,0.4087260510354014,0.42143434388044504,0.4287052769998133,0.4405670819914972,0.41383991330340764,49.14,True
38,ARROW,8.149999618530273,92500.0,8.146599087330518,8.55142658719514,8.696034650958687,8.517463760719139,7.744393864917516,38.99,True
40,ASEFA,4.320000171661377,122200.0,4.334261768420282,4.436043369739903,4.485675882720303,4.676572978133679,3.8528796067372877,35.01,True
41,ASIA,5.449999809265137,9300.0,5.411801682146864,5.484126319564797,5.690450824181626,5.467208423917056,4.969473434101343,47.33,True
43,ASIMAR,2.7799999713897705,16725700.0,2.7659063994070663,2.846010295922109,2.6734419945258088,2.512019061618526,1.9141798934370868,48.81,True
45,ASN,3.9200000762939453,200.0,3.921410904620631,3.965996783883226,3.974544603284535,4.071913364950693,3.832295566051931,43.95,True
46,ASP,3.299999952316284,7775700.0,3.2760917107851304,3.420673947558417,3.6431815063085913,3.036202157026575,2.394435130656941,42.58,True
47,ATP30,1.2400000095367432,233000.0,1.2388053983923335,1.2408056095597433,1.2539437010086079,1.2643458104269623,1.0692029560510616,47.62,True
48,AU,10.199999809265137,158000.0,10.229485162205721,10.333465158643136,10.452333018476757,10.89253324539051,10.13839368158387,44.97,True
51,BA,10.0,1926500.0,10.275887861345609,10.828150902903067,8.834839711087128,8.358774680381442,6.944900105376334,46.82,True
52,BAFS,25.25,472000.0,25.32750550247401,26.740160650408193,26.148442024633397,26.30205838118539,23.880039871948973,37.07,True
53,BANPU,13.399999618530273,110631900.0,13.804886813965075,14.00101512249117,13.717597297844513,12.565094796389065,10.177402189056881,43.83,True
54,BAY,30.0,373000.0,29.64739153237483,30.702296534029223,32.04726726005568,34.25922377192518,28.69710714444855,41.62,True
57,BCP,23.5,3889900.0,23.334387638978935,24.569624903198893,25.45232916892418,26.240702322674125,21.86984389691299,39.83,True
59,BDMS,22.700000762939453,13447300.0,22.880084739747954,23.30466099517257,22.24600671041754,21.786173821170674,20.96527300692758,45.16,True
63,BFIT,34.25,1005300.0,35.813261698724425,38.47395984899282,40.697528501486154,37.360181051126254,32.445440110457405,33.44,True
65,BH,121.5,710600.0,122.36022794019837,126.4189209430716,129.1425958338138,132.0800431452773,119.51436452705725,30.23,True
66,BIG,0.6000000238418579,3232400.0,0.6100793485490252,0.6357231515025142,0.675197044725318,0.690902944452955,0.5946841324112851,39.46,True
69,BJCHI,1.9800000190734863,804800.0,1.9904952816449766,2.0480095163086562,2.072523943915547,1.8789267605517659,1.7303991677019652,42.93,True
70,BKD,2.2200000286102295,46600.0,2.1949060712224537,2.258561924576285,2.308287918743794,2.1879421754373514,2.0196060142913366,46.73,True
72,BLA,26.5,1816700.0,25.750096295315032,27.435332691999257,29.767681102721706,27.327885728595597,23.318808437088485,44.25,True
73,BLAND,1.100000023841858,23345800.0,1.0971696344393735,1.1075953837207781,1.1161075618558123,1.1101162365483517,1.0877936906787493,46.16,True
74,BM,3.759999990463257,4519900.0,3.7980345458152325,4.2834272701774,4.501464705886715,4.200980986962074,3.100231209388151,31.81,True
77,BR,3.0799999237060547,1724300.0,3.1049370752630923,3.191114651943784,3.0383613524929314,2.9122001933054897,2.395334524769076,46.54,True
78,BROCK,1.6299999952316284,11600.0,1.6353433245383606,1.6592312965776723,1.65254024262141,1.6333607053835566,1.5600694878081847,45.43,True
79,BROOK,0.6100000143051147,28036100.0,0.6066355357218106,0.6252431790598723,0.7359624977571763,0.5835461363710723,0.4640045932544765,44.71,True
81,BSBM,1.4700000286102295,8429300.0,1.4364676286986389,1.4889944309357968,1.6825115406215856,1.4245197648248855,1.1105996005672731,43.97,True
82,BSM,0.4099999964237213,7128800.0,0.3898665498553833,0.41623339204702214,0.4325676257159868,0.3727748174942346,0.3085609892945073,49.78,True
85,BTW,1.1799999475479126,2633300.0,1.1907650922742707,1.2429947323284027,1.2563294254697064,1.1679041623846396,0.9440228958260812,43.41,True
86,BUI,14.5,200.0,14.376243491668887,14.599467737933889,14.43458899950685,11.821332332997553,10.69535363872701,50.34,True
87,BWG,0.7200000286102295,39287200.0,0.7231002457525898,0.7676128802528228,0.7888922194049074,0.6929913604389135,0.5670772602211539,40.37,True
89,CCET,3.2200000286102295,15764700.0,3.2218552240682277,3.3714494419583,3.327540377173611,2.8737625476093562,2.432797301535137,44.41,True
91,CENTEL,29.5,1396300.0,30.270632018922324,32.485719903084046,33.49915999568057,33.348550076755636,27.40850576622313,28.64,True
94,CGH,1.0700000524520874,6678200.0,1.0745647084787329,1.1083457925664204,1.1127364725766136,0.9997483103050936,0.8059421759341501,44.63,True
95,CHARAN,30.75,2000.0,30.829967713974316,31.251494165067523,31.852414583806826,33.782525475798984,28.286693461157842,43.16,True
96,CHEWA,0.9200000166893005,1099800.0,0.9392283020089032,0.9889651693786161,1.0485327706421899,0.866115322795753,0.6490189356932285,35.16,True
98,CHO,0.8600000143051147,2136700.0,0.8609555932579229,0.9326412705931205,1.0048300483229573,0.7648605810025314,0.6219207989553242,38.26,True
99,CHOTI,79.0,100.0,78.42324026884634,80.67806310438284,74.32813728362174,68.7220288043265,68.52903765050716,50.89,True
100,CHOW,3.759999990463257,160800.0,3.7882590994700642,3.823343903542759,4.092924767094308,4.108208923130699,3.124979239581959,39.95,True
101,CI,0.8500000238418579,1920700.0,0.8689892986319478,0.9458893790862202,0.9352978546046227,0.8186827715969909,0.7545047172799482,37.23,True
102,CIG,0.6800000071525574,1001200.0,0.6812198475463096,0.7096149561501738,0.6944262771161949,0.5986284415697904,0.37406764013393334,44.73,True
103,CIMBT,0.7799999713897705,579100.0,0.7754605630912194,0.8072245263805495,0.8385073391678732,0.7705450696817574,0.6531515147128298,42.74,True
105,CK,17.600000381469727,6342700.0,17.867554158015267,18.605408276946687,18.95226317905863,17.671673305451435,17.088094264286507,36.26,True
108,CMO,1.190000057220459,61800.0,1.202395327642213,1.3005152256516965,1.3823148873125688,1.2916530862811852,1.0416549643195838,33.37,True
110,CNT,1.8600000143051147,41200.0,1.8765440203466799,1.949845142512067,2.065003970563204,1.7525675417209114,1.4454877290698942,36.61,True
111,COLOR,2.140000104904175,6362500.0,2.1594836046739063,2.2812437156841376,2.037358453449643,1.6796169181784175,1.405171459412862,48.14,True
112,COM7,65.25,11186700.0,66.99020176573995,68.99430720130388,70.71398428140398,64.31969890810824,50.20888244217956,37.67,True
113,COMAN,5.0,395800.0,5.033495497683683,5.342211991182628,4.587908533108063,3.6750993081139804,2.9251646012157093,47.07,True
116,CPH,3.940000057220459,1000.0,3.9243947399136982,4.038854192158085,4.102884726077681,3.793015964648573,3.5224241506447327,45.69,True
117,CPI,2.9800000190734863,563100.0,2.963163384673987,3.0684402672791533,3.1917086101565992,2.68389705807641,1.9996758999814563,45.39,True
118,CPL,2.0199999809265137,245700.0,2.0453302121647505,2.112251283205503,2.0519446263815104,1.628860011182878,1.3337950184662368,44.74,True
121,CRANE,1.6399999856948853,2159800.0,1.641905591692836,1.6487414274760634,1.782402696388585,1.6560518627266032,1.6083073418613651,43.34,True
125,CSS,1.9700000286102295,7422400.0,2.0243090964579276,2.0207106036406994,2.070155336812298,2.1456842134596266,1.8363972054011242,43.96,True
127,CWT,3.759999990463257,2555700.0,3.7696689579962994,3.8990527077930954,3.9236519031900885,3.723187005818406,3.038925779580371,41.42,True
128,DCC,3.0999999046325684,30727700.0,3.1626290125406973,3.1271856138946132,3.0779850818871783,2.776792030019194,2.523440956938943,47.3,True
129,DCON,0.5,4161100.0,0.5031002171423602,0.5186597030700274,0.554409300455287,0.47082047291355633,0.3844748109199242,39.17,True
133,DRT,7.25,720100.0,7.3214062714219645,7.848315463024139,7.614819116234865,6.788407786531613,6.347623261427105,34.72,True
135,DTC,9.300000190734863,33200.0,9.564069174207633,9.750434181349947,8.679338320051814,8.350944440455756,7.801101668282544,47.1,True
137,EA,58.5,16456700.0,58.186454548161514,59.73193769254913,60.30541262092749,60.852965058782324,53.00633912503437,43.86,True
138,EASON,1.850000023841858,2715100.0,1.8670781046729763,1.8801547018639713,1.715306981482467,1.4567241635947723,1.358630090642409,50.21,True
139,EASTW,10.0,441700.0,10.122393822710617,10.056671945680941,10.015358899370018,9.8607273979395,9.533608880264936,46.75,True
141,ECL,1.8700000047683716,14160300.0,1.947688908203764,2.016457156501149,2.026053788721945,1.6911168134551906,1.2317280321278292,39.45,True
146,EMC,0.2800000011920929,42619900.0,0.28551466987261465,0.29141531819369115,0.28990117451742786,0.2489884493622073,0.19456160910607492,46.07,True
148,ERW,2.799999952316284,7849700.0,2.7537184930533556,2.8148513269413042,3.006210725466063,2.907146708794503,2.4317849926171076,45.47,True
150,ESTAR,0.5699999928474426,2205400.0,0.5731002099898028,0.5903954779372924,0.6221249134980487,0.5746977341143469,0.46764357197675893,40.6,True
151,EVER,0.3400000035762787,96411600.0,0.32538123492783844,0.35639514309052794,0.3901247091676526,0.35972571819884974,0.2734046007092047,41.86,True
156,FNS,4.199999809265137,1626100.0,4.25217858414364,4.437617835373694,4.5538716225004805,4.617492969963262,3.8980335881460677,30.39,True
157,FORTH,11.800000190734863,3400800.0,12.302588956572944,12.214366036953592,10.71805616563188,8.516827567803233,7.062903293300582,48.27,True
159,FSMART,10.899999618530273,3155000.0,10.937859856786023,10.996103276239936,9.304180409515581,8.637188057584334,7.830618504400947,53.22,True
160,FSS,5.050000190734863,2769600.0,5.078922593090157,5.569941389411796,4.563311215726396,3.467032481519075,2.394836849008803,46.1,True
162,GBX,1.2200000286102295,3281400.0,1.2314508845257943,1.2997624783328112,1.366169187266264,1.1236401654480488,0.7179015719565439,39.38,True
163,GC,10.100000381469727,149200.0,9.875210069224842,10.285166781108627,10.503339489209194,8.371213621661191,6.7162952986121525,49.51,True
164,GCAP,2.180000066757202,484000.0,2.224078119083088,2.277918946621328,2.3223667524302334,2.4329312376107537,1.8684220203627495,41.19,True
165,GEL,0.3499999940395355,3612300.0,0.3488983021310193,0.3580656962467749,0.39067815334034434,0.3538321335445257,0.26725665752414074,44.38,True
166,GENCO,1.0,2435600.0,1.0114508559155646,1.0653369413120801,1.0975259015968608,0.8930458869503406,0.6576665359984457,39.48,True
168,GIFT,2.5399999618530273,579500.0,2.548111582825897,2.5868726932224457,2.353128705688363,2.2829653047290623,2.051017416905376,51.18,True
174,GRAMMY,14.0,37900.0,14.050058174439558,14.719869866056348,15.269610549448087,13.360513844014163,10.899663501323229,30.29,True
176,GREEN,1.850000023841858,13195900.0,1.8556640425378208,1.8924339475191665,1.6978513028491498,1.3352800839162888,1.1831295034572091,51.15,True
178,GUNKUL,4.800000190734863,166698400.0,4.900360187223903,4.8109846563817795,4.131864226057103,3.707231272904483,2.9262764407281163,56.05,True
181,HARN,2.5199999809265137,519500.0,2.5299611687084504,2.633847045911782,2.6420377457486635,2.453990820770184,2.271814612832791,44.02,True
182,HFT,8.25,1918200.0,8.140591050397713,8.478226887342839,7.138943391365067,6.727329597100117,5.336706335837698,54.53,True
185,HTC,35.75,70700.0,35.7091055045481,36.29498124663563,37.12268022220671,37.33662767705626,34.620196403814845,41.47,True
187,HYDRO,0.36000001430511475,1608600.0,0.3722043142514235,0.38327514646120486,0.3576010840975947,0.28731180744817414,0.26129557044867774,45.28,True
189,ICHI,11.899999618530273,2947800.0,12.01009703153264,12.015730341476457,12.21860092816997,13.093011509721133,11.792238919995343,46.35,True
190,IFS,2.640000104904175,369800.0,2.646200539188895,2.6797558728639794,2.7038968279615245,2.6714273576570378,2.521294033525667,45.03,True
191,IHL,4.28000020980835,594200.0,4.268531929171358,4.364996253013856,4.454358746041724,4.365989481210115,3.9050177172804235,46.15,True
196,INTUCH,64.5,1968800.0,64.5366110070221,64.76584197180442,64.54866072783618,60.70391750486358,57.29607951238385,47.39,True
199,IRPC,3.5399999618530273,78972700.0,3.5715418626713884,3.759034918350513,3.9718664467552154,3.8208261377056667,3.22824463997292,32.75,True
200,IT,4.940000057220459,209000.0,4.987521079351291,5.125380508003849,5.652103289727884,4.010128265584101,3.0882041783352525,40.98,True
201,ITD,2.180000066757202,18098800.0,2.2187600190256984,2.366290453198761,2.360363153903585,1.7872258015153113,1.3466553982755767,37.88,True
203,IVL,38.75,6310600.0,38.223053194247626,40.15279547204648,43.77502658529659,43.71261648599743,35.16043353497588,42.27,True
204,J,2.859999895095825,1075200.0,2.867386119152174,2.9648621625452516,3.1080397193236062,3.197340458957157,2.1677481358913484,42.45,True
209,JSP,0.3499999940395355,1573400.0,0.3531002204212716,0.3740103134947984,0.37985306222256826,0.3178401997655327,0.2663954254506533,41.42,True
211,JUBILE,23.799999237060547,22300.0,23.809556035241844,23.820296764603746,25.162631199641645,26.01255454943744,22.18141607011061,44.18,True
214,K,1.3700000047683716,424300.0,1.3614103481948323,1.4363704704829696,1.4364793398681026,1.2605807546691883,0.9094831785004727,43.51,True
216,KASET,1.7400000095367432,645800.0,1.751959710992519,1.778391693134292,1.7779417302762437,1.5828599569579014,1.3899219150072786,47.8,True
218,KBS,4.360000133514404,41200.0,4.347463908091872,4.477596227937609,4.73275885127844,3.761024089564472,3.374594685327753,43.49,True
222,KCM,1.0700000524520874,10326500.0,1.0259723530115032,1.085728519342526,1.1204644123761993,0.9349629476682064,0.6538473410688326,49.13,True
224,KGI,6.199999809265137,5079600.0,6.267120831022192,6.667608356499357,7.238850476893585,5.572754513416606,4.362586087486539,40.22,True
225,KIAT,0.6000000238418579,3119900.0,0.6049806177328263,0.6319074003123242,0.6495224194613818,0.6287721392409253,0.5822430554320271,36.43,True
227,KKP,52.25,7165500.0,52.19679676681005,54.708533801725075,55.57732568693331,58.71235511477341,50.78492358938416,39.85,True
229,KSL,3.2799999713897705,6635600.0,3.284507776176234,3.5998753775440404,3.9968571038317786,3.6345437144569535,2.9071305000035172,35.56,True
231,KTC,64.5,3247000.0,65.09798564307232,67.11707349236512,70.75979417483934,71.89767933709413,58.12087932292267,39.23,True
234,KWG,2.0,224200.0,2.030951712924917,2.2004002755663445,1.8467492188993817,1.608486867577454,1.1933959660310516,46.24,True
235,KYE,440.0,17800.0,441.77189855249725,444.79736849938604,439.6414559875945,419.8984255874042,370.3508817113323,43.15,True
236,LALIN,9.050000190734863,300600.0,9.115897918547537,9.541699221032939,9.904791325483407,9.789597045312743,7.824356324082784,29.32,True
238,LDC,1.3200000524520874,373400.0,1.3231002695944476,1.3205882661124528,1.3216376677526718,1.3363580788035818,1.2917281801835498,48.91,True
239,LEE,2.759999990463257,520700.0,2.7576107681744375,2.771357589646001,2.790618214196134,2.7410506910125827,2.467954764304742,47.8,True
240,LH,8.0,16918900.0,8.03832454859002,8.027931368839058,8.081788522858648,8.232239352089227,7.79486794734025,44.81,True
241,LHK,3.4200000762939453,68900.0,3.4162393227967285,3.432569182494392,3.578063428691573,3.278255503114125,2.752102204844995,42.64,True
242,LIT,3.759999990463257,339100.0,3.8368905578185304,3.8947106538451255,3.9017960999763215,4.145612478947135,3.683733494558324,37.97,True
245,LPN,4.900000095367432,2147500.0,4.915329841705444,5.031348116940156,5.155623922990192,5.041118193306772,4.713691288661357,35.52,True
246,LRH,30.25,8600.0,30.81565812448001,31.76632880242941,32.78372259834049,31.58519556307237,29.81560583630546,37.3,True
247,LST,4.880000114440918,750300.0,4.862281145814087,4.910342443319362,5.301715333599323,5.122732472707034,4.750191698553084,40.14,True
250,MACO,0.6800000071525574,24243100.0,0.6900793318597247,0.7079195366070381,0.7108568323404781,0.6976424899069034,0.6654196472116021,40.78,True
251,MAJOR,20.5,1956900.0,20.83287722512193,22.60141009916977,21.217600720259206,20.93871925231508,18.45242372219999,37.01,True
256,MATI,6.150000095367432,100.0,6.183207965047601,6.309924975485849,6.316569963832063,5.8377138470746,4.901394701947354,46.28,True
260,MBKET,11.800000190734863,205900.0,11.728747944012367,12.258230951380245,13.179803668656103,10.88438651878512,9.220672422155225,39.23,True
262,MCOT,5.550000190734863,131900.0,5.5473297143903135,5.6517528893232285,5.666244593389409,5.110678058167653,4.277881375831932,45.41,True
264,MDX,5.449999809265137,705500.0,5.5752317889039285,5.493185775906522,5.633896974248158,5.054389493792754,3.5222387284611276,47.26,True
266,METCO,234.0,8800.0,234.4564660379845,235.20546737128493,252.4607075609972,264.72817394303894,212.1832529947879,38.05,True
269,MIDA,0.550000011920929,1964100.0,0.5650599305190647,0.6223109501164784,0.6343474563385334,0.5621200704227307,0.5271175570154657,31.09,True
271,MINT,29.0,9033100.0,28.59377588628583,29.71181450281566,30.756225392677305,30.66023088867489,25.984370155056006,43.33,True
272,MJD,1.8899999856948853,786000.0,1.9177786479272272,1.97776997159207,1.9306009783948903,1.901450423701632,1.7001386834442553,42.22,True
274,ML,1.2999999523162842,1688700.0,1.323258902070504,1.3953268841605995,1.4547045409579955,1.2367546707555408,1.0102059478972227,39.53,True
275,MODERN,3.8399999141693115,36100.0,3.8931570312765706,3.9418775906399253,3.8269135613844583,3.5003209917806037,3.0122946895954072,39.98,True
279,MTI,88.0,9700.0,88.85832786172088,90.53021568951246,89.33508307067748,86.41529590372323,85.75894599981174,39.72,True
280,NBC,0.7599999904632568,269600.0,0.7676648636322626,0.8033081861067521,0.8223349449373358,0.7397099768668333,0.6243572061399655,39.11,True
282,NCH,1.4299999475479126,754200.0,1.461755668615643,1.591092276798503,1.5854441759682985,1.2589333431655128,1.0150210783948816,35.53,True
285,NEP,0.3799999952316284,316300.0,0.3891040880039138,0.39144699546490835,0.40255689785130133,0.3786082915263416,0.29448356137470877,42.89,True
291,NNCL,2.4600000381469727,750300.0,2.3815632571301464,2.5265922563163947,2.6115838774300455,2.488619183125854,2.2286235172290754,44.95,True
293,NOK,1.0399999618530273,0.0,1.0399999618530273,1.142620003082344,1.4423004801204913,1.2378877669189268,0.9846058960021421,31.24,True
295,NSI,76.25,5000.0,76.29152522728698,77.5480235328468,78.15244013103903,80.50715893085709,75.30091241586052,37.5,True
297,NUSA,0.3700000047683716,12267800.0,0.3819597062241471,0.40925814399038696,0.41461053456786706,0.41223247895817366,0.3280392606315233,37.06,True
298,NWR,1.0199999809265137,8066300.0,1.020710975780055,1.0764559253533763,1.0979154668233533,0.843268603249695,0.6861016061361185,42.56,True
300,OCC,10.199999809265137,0.0,10.641173829627169,10.568550505461292,10.456484419544035,10.100461688040058,9.566488606280213,36.47,True
301,OCEAN,1.690000057220459,34213600.0,1.6616648569911385,1.7324120365647389,1.6180339150719683,1.3952918719152427,1.0634336129847162,51.91,True
302,OGC,25.0,1000.0,24.980215647603426,25.146821892769008,25.872652312555047,24.678189539620654,23.245637594790924,47.14,True
305,ORI,8.5,5596000.0,8.696119690266048,8.712890060440786,8.962832379354548,8.416535007246663,7.77307292338624,42.37,True
308,PAF,1.7899999618530273,1005600.0,1.810310339039511,1.8333249151380542,1.9009311675973297,1.4930275288793775,0.918273180141714,45.35,True
310,PATO,11.0,5900.0,11.055146949765364,11.170573402840672,11.24562915004501,10.82016005902148,10.455761880956839,44.69,True
312,PCSGH,5.5,7200.0,5.426049545708701,5.534237625865711,5.345606954460253,5.1490271388145805,4.796811660434326,54.66,True
314,PDI,8.75,202900.0,8.841391503456999,9.08117417254006,9.151885191354408,8.739147971081499,8.357060224391113,41.75,True
317,PF,0.44999998807907104,2027200.0,0.44999998807907104,0.4666245867954584,0.4869423280519657,0.46266634975317367,0.40728135117460107,37.53,True
318,PG,6.300000190734863,4200.0,6.334895562163849,6.442694858967614,6.4052714142328995,5.822553171707615,5.172741864656832,45.09,True
319,PHOL,4.239999771118164,3908600.0,4.254165455972281,4.329191283248862,3.816102938351199,3.2546708742322448,2.7979714491125227,52.39,True
322,PJW,4.599999904632568,1716200.0,4.6198941444585495,4.723750356578617,4.9310950474974184,3.864187877819719,2.425152378571922,46.78,True
324,PL,2.640000104904175,469100.0,2.6687484108920487,2.679952357705635,2.7121034183448227,2.545280860805125,2.2681098563559625,44.98,True
326,PLAT,2.859999895095825,247900.0,2.874261645516432,3.0002461738238355,3.0873655403110503,3.069236721056408,2.6510938951428433,38.89,True
327,PLE,0.8399999737739563,2539700.0,0.8412198326464602,0.8895547374153548,0.9404111487283486,0.838474713054378,0.7746020799845547,37.88,True
332,PPM,1.8200000524520874,596900.0,1.836622472734066,1.9394272075632242,2.018376340233619,1.5096435955227359,1.0965911397521844,41.08,True
333,PPP,2.0799999237060547,322800.0,2.0832714802222045,2.1134486215286223,2.1368850126453753,2.056500175369311,2.063296495902497,44.39,True
334,PPS,0.5799999833106995,1561300.0,0.5917151047546935,0.6266401454485352,0.6503042580716208,0.5856413120696211,0.45939313343760724,39.3,True
337,PRECHA,1.1399999856948853,278900.0,1.1832064940222997,1.18820739162317,1.2334485344924684,1.102700096191987,0.9523994562705337,44.98,True
341,PSH,12.800000190734863,498800.0,12.828556217759743,13.342862966292625,13.409615345388016,13.087780706726267,12.204252377072127,35.62,True
343,PSTC,2.319999933242798,7583300.0,2.3291797777097814,2.4915507555413763,2.2248976808958294,1.9372567979187505,1.8273582921298166,46.63,True
346,PTL,24.899999618530273,1365900.0,25.451704590926337,26.028537669080936,27.883588822590472,24.908006061111475,23.98942750593004,38.57,True
348,PTTEP,108.0,2851600.0,108.41753233685009,115.13109048715566,117.9329162285007,115.95626104224108,101.97825519301712,33.9,True
349,PTTGC,57.0,13480400.0,57.07652307357988,58.36795192094205,62.49133237512855,63.435371099708945,55.9155613251323,43.32,True
350,PYLON,4.21999979019165,305100.0,4.253930987213837,4.447247050055654,4.522125467107804,4.311383088985654,4.011787648949317,36.83,True
351,Q-CON,5.25,261300.0,5.248777001715645,5.289358934227378,5.41440758941182,5.550837874281257,5.048889246349004,46.4,True
353,QLT,4.260000228881836,39300.0,4.294470728760193,4.404496435585632,4.4202358219462115,4.397253167338451,4.228533435060001,42.53,True
354,QTC,5.0,196800.0,5.0073222293364035,5.162258288191431,5.229287561189217,5.212036738867637,4.478429804598309,40.68,True
359,RICHY,1.0800000429153442,546100.0,1.0897166322067477,1.1170425393593693,1.1655802062480949,1.0413346551068468,0.8165505394342099,42.2,True
361,RML,0.9100000262260437,10858500.0,0.9293800023602917,0.9605008038462993,0.9147879671148291,0.7959715956516573,0.6804424485023144,44.66,True
362,ROCK,10.0,0.0,10.424106257809568,11.700594267908293,9.889441614677786,9.322314084966775,9.786521802458626,41.48,True
365,RP,2.2200000286102295,136400.0,2.1975530290727283,2.456645548808969,2.208613787169808,2.041821552815757,1.5492836512279706,45.68,True
366,RPC,0.8899999856948853,3309500.0,0.8952504258044812,0.9164851982274858,0.9884334649192762,0.8077949805682523,0.6412639365820846,44.27,True
369,S,1.940000057220459,16288500.0,1.9632392752180097,2.0484925623216093,2.1563643532597867,2.0301672550078376,1.676988960698611,36.83,True
372,SALEE,1.2599999904632568,2971500.0,1.26249287369932,1.2947666756283573,1.2213107347987568,1.1139982344016892,0.8513203334497998,48.78,True
374,SAMART,7.75,3649800.0,8.134159012492653,8.625997624084546,9.138943820456854,8.269789143253913,6.583658737290488,29.77,True
375,SAMCO,1.559999942779541,326300.0,1.580310359839372,1.6760438296294364,1.802635862126107,1.5491688341830712,1.335268711035125,33.52,True
376,SAMTEL,6.400000095367432,54500.0,6.5922264377980815,6.791769355232845,6.9660116207757055,6.453490512454565,5.673521945898716,38.11,True
381,SAWAD,68.25,3692400.0,69.34899893310343,69.72435627536646,73.40550734064311,76.66518320476278,64.637508889466,40.15,True
383,SC,3.0,1738400.0,3.0301198371962714,3.067866413746562,3.119345327592617,3.089965036130188,2.7546128115944257,35.86,True
384,SCB,95.0,8818100.0,93.06459438427093,95.43002327706448,99.76511362711277,104.57330040100297,89.1231305730652,46.35,True
385,SCC,412.0,1245800.0,417.9683426551198,422.6762951870712,435.90921217193204,408.24319516466494,380.5204901531984,41.23,True
386,SCCC,164.0,71200.0,162.527154984879,167.58024283374755,175.80573778463057,167.88141182562438,145.19322331590715,39.96,True
388,SCI,2.119999885559082,2178100.0,2.1638922761948938,2.185136663220148,2.118077477484014,1.7681212311567194,1.5321977002291176,45.86,True
389,SCN,2.680000066757202,3533000.0,2.696701344303611,2.8929971101075407,2.869346813082785,2.3828328226526456,2.0240843345688027,40.47,True
391,SE-ED,2.0399999618530273,13100.0,2.038099936545275,2.0516064137506023,2.0341202678782393,1.7839710687851706,1.6073432953015503,48.66,True
393,SEAOIL,2.859999895095825,488900.0,2.7498860327193375,2.8610181145929667,2.9720781966400214,2.9668626904681377,2.6693289358723558,49.54,True
394,SELIC,3.380000114440918,1581000.0,3.572277042993952,3.4507679085567657,3.216341043769211,2.569626474654196,1.9821435918701704,48.15,True
395,SENA,3.9200000762939453,756400.0,3.9611492508512605,4.060407015248403,4.178194280045772,4.152047861395955,3.522951589304905,31.64,True
398,SGF,1.0800000429153442,2493900.0,1.0871308412947966,1.1138793642629896,1.2035825242462472,1.0575843102708218,0.8014009223960002,42.13,True
399,SGP,10.699999809265137,592200.0,10.682713097755522,11.107466980349852,11.654158183835591,11.394715809231789,10.4272848015223,39.53,True
400,SHANG,53.0,0.0,52.43138844957263,54.26807998453549,52.98022978325349,52.62151520910817,52.90624373973924,46.98,True
404,SIRI,1.149999976158142,49406500.0,1.1622295053537934,1.2564007763109117,1.2611168583558845,1.0674110884725414,0.8693230902522554,37.66,True
406,SITHAI,1.4700000286102295,11845100.0,1.4923341117623905,1.494326384252965,1.245894954802162,0.9380153684153667,0.752076975450155,52.42,True
407,SKR,10.0,638900.0,10.073950806914882,10.003162785976375,9.260819694890037,8.356777292852795,7.217534577013579,63.13,True
410,SMIT,4.300000190734863,477600.0,4.3541850630281385,4.460674090879754,4.480544902168544,4.2664488893509125,3.9004610419497796,34.38,True
413,SMT,6.800000190734863,5954900.0,6.753524660738661,6.856997459553669,5.817942100650694,5.057305764360846,3.9423027770704313,54.48,True
414,SNC,14.199999809265137,75500.0,14.185355490252238,14.397463445879238,14.3167709321636,13.783451383659791,12.280357414550767,45.78,True
415,SNP,13.899999618530273,7700.0,14.102851220610138,14.622766108236762,13.5742368116233,13.840798189125916,12.437580374704044,43.32,True
425,SPRC,8.949999809265137,12262700.0,8.915006092042134,9.321430078487753,9.760371891464048,9.409532761102469,8.039177895207265,39.84,True
426,SPVI,6.300000190734863,1469300.0,6.437642399958748,6.488487178955915,6.579413237124374,5.707702868369894,4.17061662869032,45.36,True
427,SQ,2.5399999618530273,982100.0,2.4844145365654287,2.593320559224808,2.668785416334146,2.321045020919012,1.98223904774063,47.24,True
429,SRICHA,21.299999237060547,914100.0,21.182171959789418,21.358822253070354,18.386122901892474,16.377096559209278,13.000511204723361,53.31,True
432,SSSC,2.680000066757202,319200.0,2.6547595463042213,2.7239274055531233,2.9111095847739126,2.7317261601548872,2.348428558965953,40.96,True
434,STA,37.75,12374900.0,38.46526369471609,39.15956632032792,42.94386535189469,45.30941862133802,34.88791899798566,40.29,True
436,STAR,3.180000066757202,122800.0,3.3366420813244027,3.481614194253265,2.6449559842826402,2.330470354920831,2.190292983446732,45.91,True
439,STPI,4.5,2127700.0,4.525684071366213,4.694886564415945,4.519328839572316,4.1216958142867925,3.7905195186343423,45.7,True
440,SUC,34.75,24900.0,34.97148731906215,36.033451425857116,36.13306472869643,35.422037673118936,34.43556258998358,33.57,True
442,SUSCO,3.0799999237060547,386500.0,3.1163202691020535,3.1758162258396894,3.2375603132198174,3.1964659688770074,2.948556056489208,36.24,True
443,SUTHA,4.519999980926514,266600.0,4.641851008750011,4.861845712364012,4.987569288469657,4.421508556081902,3.9513672280891265,34.32,True
446,SVOA,2.1600000858306885,4837400.0,2.1505785086967855,2.18262947979653,2.2839260189239736,1.9228728241995772,1.5618170590318896,47.56,True
447,SWC,5.900000095367432,40400.0,5.89135659178261,5.9615061764205315,5.8140263098621965,5.739887828624044,5.092384805744784,51.36,True
448,SYMC,4.980000019073486,7000.0,5.118763550148222,5.3520083531029705,5.5854253401337175,5.699867031100897,4.966257241668981,36.08,True
449,SYNEX,25.0,746400.0,25.386896780534986,26.135297623078234,26.539978588005805,24.351677278219576,18.630193531305707,42.64,True
450,SYNTEC,1.9199999570846558,3238300.0,1.9431659529229663,1.9996727850942255,2.066490467926735,1.9313864653013275,1.623117320268823,40.06,True
454,TAKUNI,1.2200000286102295,3724400.0,1.226470290634826,1.277435231348756,1.3283703448715714,1.0576503600998017,0.6938988535868643,42.97,True
455,TAPAC,4.320000171661377,3001400.0,4.1369186837647565,4.358898280913454,4.442343979208947,3.8929207659342957,3.2626959614431157,48.58,True
458,TC,5.900000095367432,446600.0,5.8132465540545155,6.053459537854873,6.539262373111233,5.660501247133571,5.000381541579266,42.72,True
459,TCAP,33.25,2220100.0,33.13651422233895,33.894241353319515,34.121168857032394,35.08489467431685,33.062414195458956,40.61,True
461,TCCC,32.5,15000.0,32.0899836123031,33.61770484495222,35.18099853507984,31.47907770884647,28.079155509719428,42.07,True
462,TCJ,4.380000114440918,3700.0,4.4198675134068095,4.560562090338509,4.67723348647727,4.458202540979705,3.692836279122274,40.27,True
463,TCMC,1.7300000190734863,985100.0,1.7366416204718724,1.8725045698960532,1.9829501738902962,1.9272962065387051,1.6703719602080143,34.28,True
464,TCOAT,28.25,0.0,28.804628936120118,28.26778783512529,27.75760546192115,27.517222397850887,25.794696499065005,49.47,True
471,THANA,1.409999966621399,399100.0,1.4172403443727428,1.4184522047719847,1.4414160313482198,1.3484373471776303,1.071717571838713,48.87,True
472,THANI,4.860000133514404,19014600.0,4.946205754359737,4.98460453460319,4.442429175738932,4.370892229532893,4.052543807669643,51.31,True
473,THCOM,10.899999618530273,2741000.0,10.943200579214862,11.300325422760311,11.257501177695882,10.185016680339334,8.156572763133324,44.11,True
479,TIP,28.25,1497800.0,29.15126195303828,31.01772708725105,33.025417753016114,30.13303540825922,27.485325307857302,27.79,True
480,TIPCO,9.0,375700.0,9.00609923105205,9.163920625700978,9.325376835114904,9.931049768564282,7.847070426705334,43.44,True
481,TISCO,88.0,1899800.0,88.58870913282965,90.17009619934541,89.04687008728045,93.43762245819711,84.44657814068196,41.98,True
482,TK,9.149999618530273,49400.0,9.078030793509859,9.28774793212083,9.743765386877845,9.605105256459424,8.380798356029118,41.3,True
484,TKS,9.550000190734863,1772100.0,9.689750163211457,10.101009972128635,10.231514567383906,9.353488924718704,7.280673293109908,40.09,True
487,TMC,1.0099999904632568,71600.0,1.0117539056465623,1.0236682411696603,1.0424587665742102,0.964444055218044,0.7932999375714133,48.25,True
490,TMILL,3.559999942779541,345800.0,3.5833908515917368,3.628689002661138,3.7119304968662568,3.50567888891913,3.304196266176842,43.98,True
492,TMW,34.0,36400.0,34.611828739991566,36.11691822259512,37.299414646509064,35.723581335327104,33.86972428437675,27.94,True
495,TNITY,6.949999809265137,148900.0,6.94402692985488,7.141915904354874,7.209025537808075,6.326046677787584,4.789071854905426,45.63,True
503,TPA,6.800000190734863,15600.0,6.831002362158466,6.874148475895582,6.786003528947186,6.687871654127212,5.852006131444835,46.9,True
504,TPAC,19.299999237060547,116200.0,19.13034405275953,19.311994484512418,17.33172107330832,14.452307046718577,13.596824706322435,56.88,True
507,TPIPL,1.7100000381469727,7089400.0,1.7356733562418292,1.7628833920664353,1.9254277743690158,1.8388157048058988,1.654649054308666,38.24,True
509,TPP,18.100000381469727,11900.0,18.468374785482183,19.114078629333626,23.46873724551439,18.69020247693795,15.215122294513295,37.02,True
510,TR,31.5,0.0,31.499999999999996,31.90540504278578,31.850929343356714,30.611695922388755,27.68472939302365,47.84,True
511,TRC,0.11999999731779099,2815800.0,0.12310021676999519,0.13245909012921475,0.14269183961642315,0.12357383744283529,0.11010013331371536,39.34,True
515,TRUBB,2.759999990463257,2866000.0,2.767082758975308,2.787223423895892,2.9111481112948234,2.632154265936818,2.1296053939898427,45.5,True
517,TSC,11.300000190734863,5000.0,11.53478282333724,11.556779749532025,12.0161267471861,10.962852499976272,10.515022988472232,41.98,True
518,TSE,2.940000057220459,19685200.0,3.088738588927359,3.158113424332643,2.9812679970174094,2.739993275678955,2.658825627187979,37.43,True
519,TSI,0.30000001192092896,512100.0,0.3073950573500589,0.3225795949443806,0.3401427384070739,0.3118266206696142,0.2920215069829564,35.02,True
520,TSR,3.9800000190734863,1283800.0,4.012609995555946,4.237591737602937,4.511653065111443,4.0843734304240815,3.8372045451768466,38.95,True
521,TSTE,7.0,600.0,7.085924571583169,7.047065197555625,7.01533375964254,6.926855006317226,6.8342233385028,45.69,True
523,TTA,14.699999809265137,37140800.0,14.257277578764397,15.32893024687799,16.643886781948705,12.981732692844139,7.694789698142188,43.69,True
529,TVI,6.650000095367432,193900.0,6.829395754515824,7.1090940135932765,6.562134218144757,5.4217778616517025,4.396729834826973,42.69,True
531,TVT,0.7099999785423279,558700.0,0.7056602923837451,0.7162131787292614,0.7842468068598832,0.734603042514055,0.6749620402542055,45.06,True
534,TWZ,0.10000000149011612,22863500.0,0.10146444146549446,0.10770419766852046,0.11584805718762392,0.10164299442608976,0.08289130545450542,44.67,True
537,UAC,5.0,256400.0,4.974284675751958,5.002960837818149,5.036598916085471,4.939551793396104,4.324597043511228,49.18,True
538,UBIS,6.900000095367432,220400.0,6.973093778874776,7.1118568760432215,6.772243810166942,6.292293873432805,5.720107691587154,43.82,True
541,UMI,1.350000023841858,3593500.0,1.3591349165853472,1.4695268113368996,1.4644128103477925,1.2095965747522288,0.9359522094770949,43.35,True
542,UMS,1.190000057220459,95000.0,1.170116728080303,1.2002141834893822,1.11441502248343,0.8636094644676574,0.5670480006487029,51.27,True
543,UNIQ,6.400000095367432,780400.0,6.539974444153112,7.170498050543438,7.289181361408364,6.024113772655703,5.20813085284697,33.73,True
544,UOBKH,5.449999809265137,33500.0,5.413024758431279,5.569775637801527,6.025855475299882,5.499954212579,4.166839418795879,42.51,True
545,UP,22.799999237060547,5100.0,22.72135356151017,23.86107708743246,19.886392469127866,16.841076219707684,15.90445041760121,52.25,True
547,UPF,66.5,1400.0,66.40302764695879,66.72800249058928,67.22125910196256,69.89277563044651,64.44295280692268,45.66,True
548,UPOIC,5.599999904632568,2600.0,5.660389141369316,5.762342837743797,5.941920162007597,5.308542337600078,4.438029016590315,43.71,True
550,UT,17.299999237060547,0.0,17.13455943960504,17.383736851487736,17.11009474873743,16.278906632078876,15.604711434328344,51.07,True
551,UTP,20.0,386800.0,20.00289477679352,20.637244052697223,21.584332612675126,19.925240136622907,16.60650212708988,39.63,True
552,UV,3.799999952316284,755800.0,3.812400820885725,3.9489596523334365,3.922722225578007,3.8934135871880766,3.2594600623954917,41.8,True
555,VARO,4.440000057220459,2600.0,4.448061219694643,4.474035977011457,4.845318493021538,4.192266775669507,3.9113396727125402,46.05,True
557,VIBHA,2.380000114440918,25036100.0,2.4176807208349334,2.3992296563117104,2.2201151655265363,2.0352365081161383,1.7447558772329643,51.86,True
561,VPO,1.2400000095367432,3471300.0,1.2386592882678866,1.3188623669591961,1.2796867094703273,0.9444206349389571,0.6666460994935702,48.16,True
564,WHA,3.0799999237060547,31339900.0,3.095869399438825,3.166465870197902,3.1782293667467933,3.2872075725718104,3.055673972804497,42.66,True
565,WICE,10.0,34333900.0,9.965851204478193,10.04588445675617,9.061190060549812,7.357807975019649,6.129782309569217,51.99,True
569,WORK,20.0,2130100.0,20.34341891166039,21.254592951399214,22.77800899783938,19.65458964425419,15.882077965781804,36.33,True
570,XO,21.399999618530273,5429400.0,20.739726160488388,22.96363250609463,21.13179265030654,16.317455790203358,12.845729479451776,46.48,True
572,YUASA,17.399999618530273,11000.0,17.467148543871374,17.808062780581672,18.29680731110995,17.75611618420306,16.132984221415118,41.04,True
